Workbook

Sheet SQL_data
A1: Accounting Date | B1: Product Subtype | C1: RBC C2 Product Category | D1: Statutory Reserves - Total - General Account | E1: Statutory Reserves - Total - Separate Account | F1: Reinsurance Statutory Reserve - Total | G1: Captive Statutory Reserve - Total | H1: Net Statutory Reserves - Total | I1: GAAP Reserve - Total | J1: Non-TAI Reinsurance GAAP Reserve - Total | K1: Face Amount - Base | L1: Face Amount - Addl Term Rider | M1: Face Amount - Ceded | N1: Cash Value - General Account | O1: Policy Number | P1: Net Tax Reserves - Total 2018 - General Account | Q1: Net Tax Reserves - Total 2018 - Separate Account | R1: Net Tax Reserves - Total 2018 | S1: Captive Tax - Reserve - Total 2018 | T1: GAAP Reserve - Total | U1: Non-TAI Reinsurance GAAP - Reserve - Total
A2: 2025-12-31 | B2: BOLI UL | C2: Non-Flexible | D2: 235948 | E2: 45172 | F2: 28617 | G2: -227376 | H2: 82361 | I2: 85292 | J2: 2065 | K2: 487736 | L2: 118906 | M2: -176147 | N2: 109484 | O2: P0 | P2: 206560 | Q2: 21084 | R2: 227644 | S2: -130836 | T2: 84986 | U2: 1844
A3: 2025-12-31 | B3: BOLI UL | C3: Non-Flexible | D3: 255694 | E3: 21829 | F3: 27223 | G3: -220537 | H3: 84209 | I3: 78515 | J3: 1143 | K3: 809746 | L3: 234105 | M3: -258385 | N3: 105097 | O3: P1 | P3: 195287 | Q3: 23538 | R3: 218825 | S3: -122413 | T3: 76447 | U3: 1485
A4: 2025-12-31 | B4: COLI VUL | C4: Flexible | D4: 228887 | E4: 43114 | F4: 29690 | G4: -183280 | H4: 118411 | I4: 123373 | J4: 1789 | K4: 597952 | L4: 200665 | M4: -114629 | N4: 133266 | O4: P2 | P4: 233744 | Q4: 13743 | R4: 247487 | S4: -144008 | T4: 92982 | U4: 1341
A5: 2025-12-31 | B5: BOLI UL | C5: Non-Flexible | D5: 258734 | E5: 23534 | F5: 62973 | G5: -219712 | H5: 125529 | I5: 115527 | J5: 2410 | K5: 835671 | L5: 364298 | M5: -184575 | N5: 160141 | O5: P3 | P5: 287670 | Q5: 53319 | R5: 340989 | S5: -186827 | T5: 132134 | U5: 3260
A6: 2025-12-31 | B6: COLI VUL | C6: Flexible | D6: 235320 | E6: 39135 | F6: 43060 | G6: -206955 | H6: 110560 | I6: 109938 | J6: 1769 | K6: 741200 | L6: 170781 | M6: -113180 | N6: 186214 | O6: P4 | P6: 301705 | Q6: 41630 | R6: 343335 | S6: -196590 | T6: 117741 | U6: 2017
A7: 2025-12-31 | B7: COLI VUL | C7: Flexible | D7: 174043 | E7: 18207 | F7: 18827 | G7: -149682 | H7: 61395 | I7: 59378 | J7: 1510 | K7: 480270 | L7: 185951 | M7: -116503 | N7: 122531 | O7: P5 | P7: 181889 | Q7: 21415 | R7: 203304 | S7: -50992 | T7: 93176 | U7: 2680
A8: 2025-12-31 | B8: BOLI UL | C8: Flexible | D8: 166025 | E8: 22546 | F8: 18706 | G8: -165146 | H8: 42131 | I8: 43483 | J8: 731 | K8: 636070 | L8: 165849 | M8: -72721 | N8: 138974 | O8: P6 | P8: 267186 | Q8: 36695 | R8: 303881 | S8: -131403 | T8: 138852 | U8: 2240
A9: 2025-12-31 | B9: COLI VUL | C9: Non-Flexible | D9: 195554 | E9: 25990 | F9: 34825 | G9: -189946 | H9: 66423 | I9: 64737 | J9: 1160 | K9: 479804 | L9: 186126 | M9: -115562 | N9: 70938 | O9: P7 | P9: 265654 | Q9: 31098 | R9: 296752 | S9: -170087 | T9: 128286 | U9: 2489
A10: 2025-12-31 | B10: BOLI UL | C10: Flexible | D10: 232760 | E10: 14441 | F10: 50764 | G10: -194279 | H10: 103686 | I10: 99263 | J10: 1378 | K10: 744477 | L10: 361232 | M10: -192483 | N10: 109403 | O10: P8 | P10: 205207 | Q10: 24770 | R10: 229977 | S10: -61082 | T10: 109371 | U10: 2513
A11: 2025-12-31 | B11: BOLI UL | C11: Flexible | D11: 178839 | E11: 12764 | F11: 19019 | G11: -145745 | H11: 64877 | I11: 58872 | J11: 1510 | K11: 660447 | L11: 296446 | M11: -159709 | N11: 149768 | O11: P9 | P11: 278708 | Q11: 42781 | R11: 321489 | S11: -110942 | T11: 91239 | U11: 1620
A12: 2025-12-31 | B12: BOLI UL | C12: Flexible | D12: 253635 | E12: 49607 | F12: 30102 | G12: -248225 | H12: 85119 | I12: 82072 | J12: 1994 | K12: 823551 | L12: 266232 | M12: -97140 | N12: 118532 | O12: P10 | P12: 276485 | Q12: 26948 | R12: 303433 | S12: -90447 | T12: 120754 | U12: 2994
A13: 2025-12-31 | B13: BOLI UL | C13: Flexible | D13: 201292 | E13: 38867 | F13: 26857 | G13: -180591 | H13: 86425 | I13: 87707 | J13: 1360 | K13: 594202 | L13: 261895 | M13: -186561 | N13: 115511 | O13: P11 | P13: 263015 | Q13: 35043 | R13: 298058 | S13: -156224 | T13: 81360 | U13: 2039
... A6001: 2025-12-31 | B6001: COLI VUL | C6001: Flexible | D6001: 180701 | E6001: 20615 | F6001: 43560 | G6001: -154552 | H6001: 90324 | I6001: 90827 | J6001: 1679 | K6001: 434728 | L6001: 211466 | M6001: -102699 | N6001: 75355 | O6001: P5999 | P6001: 189236 | Q6001: 17024 | R6001: 206260 | S6001: -69392 | T6001: 71660 | U6001: 1520

Sheet Summary
A1: LNBAR 2024 EB Summary
A2: 2025-12-31
A4: STAT Reserve | I4: LNBAR 2024 EB Total STAT Reserve
A5: Product Subtype | B5: LFG Gross GA STAT Reserve | C5: LFG Gross SA STAT Reserve | D5: 3rd Party STAT Component | E5: LFG Net 3rd Party Total STAT Reserve | F5: LNBAR 2024 EB Total STAT Reserve | G5: LFG Net Total STAT Reserve | I5: Product Subtype | J5: Flexible | K5: Non-Flexible
A6: BOLI UL | B6: =SUMIFS(SQL_data!D:D,SQL_data!$B:$B,Summary!$A6) -> 812731465 | C6: =SUMIFS(SQL_data!E:E,SQL_data!$B:$B,Summary!$A6) -> 100915897 | D6: =SUMIFS(SQL_data!F:F,SQL_data!$B:$B,Summary!$A6) -> 142196313 | E6: =B6+C6-D6 -> 771451049 | F6: =-1*SUMIFS(SQL_data!G:G,SQL_data!$B:$B,Summary!$A6) -> 731779148 | G6: =SUMIFS(SQL_data!H:H,SQL_data!$B:$B,Summary!$A6) -> 324064527 | I6: BOLI UL | J6: =-1*SUMIFS(SQL_data!G:G,SQL_data!$B:$B,Summary!$A6,SQL_data!$C:$C,Summary!J$5) -> 517470084 | K6: =-1*SUMIFS(SQL_data!G:G,SQL_data!$B:$B,Summary!$A6,SQL_data!$C:$C,Summary!K$5) -> 214309064
A7: COLI VUL | B7: =SUMIFS(SQL_data!D:D,SQL_data!$B:$B,Summary!$A7) -> 539331006 | C7: =SUMIFS(SQL_data!E:E,SQL_data!$B:$B,Summary!$A7) -> 67764464 | D7: =SUMIFS(SQL_data!F:F,SQL_data!$B:$B,Summary!$A7) -> 94006311 | E7: =B7+C7-D7 -> 513089159 | F7: =-1*SUMIFS(SQL_data!G:G,SQL_data!$B:$B,Summary!$A7) -> 485427789 | G7: =SUMIFS(SQL_data!H:H,SQL_data!$B:$B,Summary!$A7) -> 215673992 | I7: COLI VUL | J7: =-1*SUMIFS(SQL_data!G:G,SQL_data!$B:$B,Summary!$A7,SQL_data!$C:$C,Summary!J$5) -> 332572515 | K7: =-1*SUMIFS(SQL_data!G:G,SQL_data!$B:$B,Summary!$A7,SQL_data!$C:$C,Summary!K$5) -> 152855274
A8: Total | B8: =SUM(B6:B7) -> 1352062471 | C8: =SUM(C6:C7) -> 168680361 | D8: =SUM(D6:D7) -> 236202624 | E8: =SUM(E6:E7) -> 1284540208 | F8: =SUM(F6:F7) -> 1217206937 | G8: =SUM(G6:G7) -> 539738519 | I8: Total | J8: =SUM(J6:J7) -> 850042599 | K8: =SUM(K6:K7) -> 367164338
A9: Check | B9: =SUMIFS(SQL_data!D:D,SQL_data!$B:$B,"*")-B8 -> 0 | C9: =SUMIFS(SQL_data!E:E,SQL_data!$B:$B,"*")-C8 -> 0 | D9: =SUMIFS(SQL_data!F:F,SQL_data!$B:$B,"*")-D8 -> 0 | E9: =B9+C9-D9 -> 0 | F9: =-1*SUMIFS(SQL_data!G:G,SQL_data!$B:$B,"*")-F8 -> 0 | G9: =SUMIFS(SQL_data!H:H,SQL_data!$B:$B,"*")-G8 -> 0 | I9: Check | J9: =-1*SUMIFS(SQL_data!G:G,SQL_data!$C:$C,J$5)-J8 -> 0 | K9: =-1*SUMIFS(SQL_data!G:G,SQL_data!$C:$C,K$5)-K8 -> 0
A11: Tax Reserves
A12: Product | B12: LFG Net GA Tax Reserve | C12: LFG Net SA Tax Reserve | D12: LFG Total Net Tax Reserve | E12: LNBAR 2024 EB Tax Reserve
A13: BOLI UL | B13: =SUMIFS(SQL_data!P:P,SQL_data!$B:$B,Summary!$A13) -> 808592059 | C13: =SUMIFS(SQL_data!Q:Q,SQL_data!$B:$B,Summary!$A13) -> 100689183 | D13: =SUMIFS(SQL_data!R:R,SQL_data!$B:$B,Summary!$A13) -> 909281242 | E13: =-1*SUMIFS(SQL_data!S:S,SQL_data!$B:$B,Summary!$A13) -> 364561435
A14: COLI VUL | B14: =SUMIFS(SQL_data!P:P,SQL_data!$B:$B,Summary!$A14) -> 539119628 | C14: =SUMIFS(SQL_data!Q:Q,SQL_data!$B:$B,Summary!$A14) -> 66917757 | D14: =SUMIFS(SQL_data!R:R,SQL_data!$B:$B,Summary!$A14) -> 606037385 | E14: =-1*SUMIFS(SQL_data!S:S,SQL_data!$B:$B,Summary!$A14) -> 242785884
A15: Total | B15: =SUM(B13:B14) -> 1347711687 | C15: =SUM(C13:C14) -> 167606940 | D15: =SUM(D13:D14) -> 1515318627 | E15: =SUM(E13:E14) -> 607347319
A16: Check | B16: =SUMIFS(SQL_data!P:P,SQL_data!$B:$B,"*")-B15 -> 0 | C16: =SUMIFS(SQL_data!Q:Q,SQL_data!$B:$B,"*")-C15 -> 0 | D16: =SUMIFS(SQL_data!R:R,SQL_data!$B:$B,"*")-D15 -> 0 | E16: =-1*SUMIFS(SQL_data!S:S,SQL_data!$B:$B,"*")-E15 -> 0
A18: GAAP Ben Reserves
A19: Product | B19: LFG Gross Total GAAP Ben Reserve | C19: Non-TAI 3rd Party GAAP Component | D19: LFG Net of Non-TAI GAAP Ben Reserve | E19: LNBAR 2024 EB GAAP Ben Reserve
A20: BOLI UL | B20: =SUMIFS(SQL_data!T:T,SQL_data!$B:$B,Summary!$A20) -> 316095305 | C20: =SUMIFS(SQL_data!U:U,SQL_data!$B:$B,Summary!$A20) -> 6321413 | D20: =SUM(B20:C20) -> 322416718 | E20: =D20 -> 322416718
A21: COLI VUL | B21: =SUMIFS(SQL_data!T:T,SQL_data!$B:$B,Summary!$A21) -> 208633369 | C21: =SUMIFS(SQL_data!U:U,SQL_data!$B:$B,Summary!$A21) -> 4131055 | D21: =SUM(B21:C21) -> 212764424 | E21: =D21 -> 212764424
A22: Total | B22: =SUM(B20:B21) -> 524728674 | C22: =SUM(C20:C21) -> 10452468 | D22: =SUM(D20:D21) -> 535181142 | E22: =SUM(E20:E21) -> 535181142
A23: Check | B23: =SUMIFS(SQL_data!T:T,SQL_data!$B:$B,"*")-B22 -> 0 | C23: =SUMIFS(SQL_data!U:U,SQL_data!$B:$B,"*")-C22 -> 0 | D23: =SUM(B22,C22)-D22 -> 0 | E23: =D22-E22 -> 0
A26: Face Amount
A27: Product | B27: LFG Gross Face - Base | C27: LFG Gross Face Amount - Addnl Term Rider | D27: 3rd Party Face Base & Riders | E27: LFG Net Face | F27: LNBAR 2024 EB Face
A28: BOLI UL | B28: =SUMIFS(SQL_data!K:K,SQL_data!$B:$B,Summary!$A28) -> 2435493885 | C28: =SUMIFS(SQL_data!L:L,SQL_data!$B:$B,Summary!$A28) -> 723337977 | D28: =-1*SUMIFS(SQL_data!M:M,SQL_data!$B:$B,Summary!$A28) -> 609494659 | E28: =B28+D28 -> 3044988544 | F28: =E28 -> 3044988544
A29: COLI VUL | B29: =SUMIFS(SQL_data!K:K,SQL_data!$B:$B,Summary!$A29) -> 1618492281 | C29: =SUMIFS(SQL_data!L:L,SQL_data!$B:$B,Summary!$A29) -> 486882065 | D29: =-1*SUMIFS(SQL_data!M:M,SQL_data!$B:$B,Summary!$A29) -> 400785999 | E29: =B29+D29 -> 2019278280 | F29: =E29 -> 2019278280
A30: Total | B30: =SUM(B28:B29) -> 4053986166 | C30: =SUM(C28:C29) -> 1210220042 | D30: =SUM(D28:D29) -> 1010280658 | E30: =SUM(E28:E29) -> 5064266824 | F30: =SUM(F28:F29) -> 5064266824
A31: Check | B31: =SUMIFS(SQL_data!K:K,SQL_data!$B:$B,"*")-B30 -> 0 | C31: =SUMIFS(SQL_data!L:L,SQL_data!$B:$B,"*")-C30 -> 0 | D31: =-1*SUMIFS(SQL_data!M:M,SQL_data!$B:$B,"*")-D30 -> 0 | E31: =B30+D30-E30 -> 0 | F31: =E30-F30 -> 0
A33: Cash Value
A34: Product | B34: Policy GA Cash Value
A35: BOLI UL | B35: =SUMIFS(SQL_data!N:N,SQL_data!$B:$B,Summary!$A35) -> 486388531
A36: COLI VUL | B36: =SUMIFS(SQL_data!N:N,SQL_data!$B:$B,Summary!$A36) -> 323091171
A37: Total | B37: =SUM(B35:B36) -> 809479702
A38: Check | B38: =SUMIFS(SQL_data!N:N,SQL_data!$B:$B,"*")-B37 -> 0
A40: Count
A41: Product | B41: Policy Count
A42: BOLI UL | B42: =COUNTIFS(SQL_data!$B:$B,Summary!$A42) -> 3605
A43: COLI VUL | B43: =COUNTIFS(SQL_data!$B:$B,Summary!$A43) -> 2395
A44: Total | B44: =SUM(B42:B43) -> 6000
A45: Check | B45: =COUNTIFS(SQL_data!$B:$B,"*")-1-B44 -> 0
