Workbook

Sheet SQL_data
A1: Employee_ID | B1: Employee_Name | C1: Department | D1: Region | E1: Salary | F1: Bonus | G1: Years_of_Service
A2: 1001 | B2: Alice Johnson | C2: Engineering | D2: North | E2: 95000 | F2: 12000 | G2: 5
A3: 1002 | B3: Bob Smith | C3: Engineering | D3: South | E3: 88000 | F3: 10000 | G3: 3
A4: 1003 | B4: Carol Davis | C4: Engineering | D4: North | E4: 102000 | F4: 15000 | G4: 7
A5: 1004 | B5: Dan Wilson | C5: Marketing | D5: East | E5: 72000 | F5: 8000 | G5: 4
A6: 1005 | B6: Eva Martinez | C6: Marketing | D6: West | E6: 68000 | F6: 7500 | G6: 2
A7: 1006 | B7: Frank Lee | C7: Marketing | D7: East | E7: 75000 | F7: 9000 | G7: 6
A8: 1007 | B8: Grace Kim | C8: Finance | D8: North | E8: 85000 | F8: 11000 | G8: 4
A9: 1008 | B9: Henry Park | C9: Finance | D9: South | E9: 92000 | F9: 13000 | G9: 8
A10: 1009 | B10: Iris Chen | C10: Finance | D10: West | E10: 78000 | F10: 9500 | G10: 3
A11: 1010 | B11: Jack Brown | C11: HR | D11: North | E11: 65000 | F11: 6000 | G11: 2
A12: 1011 | B12: Karen White | C12: HR | D12: East | E12: 62000 | F12: 5500 | G12: 1
A13: 1012 | B13: Leo Garcia | C13: HR | D13: South | E13: 67000 | F13: 7000 | G13: 5
... A16: 1015 | B16: Olivia Nguyen | C16: Finance | D16: East | E16: 89000 | F16: 12500 | G16: 5

Sheet Summary
A1: Department Compensation Summary | H1: Region Compensation Summary
A2: Department | B2: Total Salary | C2: Total Bonus | D2: Total Compensation | E2: Headcount | F2: Avg Salary | H2: Region | I2: Total Salary | J2: Total Bonus | K2: Headcount
A3: Engineering | B3: =SUMIFS(SQL_data!E:E,SQL_data!C:C,Summary!$A3) | C3: =SUMIFS(SQL_data!F:F,SQL_data!C:C,Summary!$A3) | D3: =B3+C3 | E3: =COUNTIFS(SQL_data!C:C,Summary!$A3) | F3: =B3/E3 | H3: North | I3: =SUMIFS(SQL_data!E:E,SQL_data!D:D,Summary!$H3) | J3: =SUMIFS(SQL_data!F:F,SQL_data!D:D,Summary!$H3) | K3: =COUNTIFS(SQL_data!D:D,Summary!$H3)
A4: Finance | B4: =SUMIFS(SQL_data!E:E,SQL_data!C:C,Summary!$A4) | C4: =SUMIFS(SQL_data!F:F,SQL_data!C:C,Summary!$A4) | D4: =B4+C4 | E4: =COUNTIFS(SQL_data!C:C,Summary!$A4) | F4: =B4/E4 | H4: South | I4: =SUMIFS(SQL_data!E:E,SQL_data!D:D,Summary!$H4) | J4: =SUMIFS(SQL_data!F:F,SQL_data!D:D,Summary!$H4) | K4: =COUNTIFS(SQL_data!D:D,Summary!$H4)
A5: HR | B5: =SUMIFS(SQL_data!E:E,SQL_data!C:C,Summary!$A5) | C5: =SUMIFS(SQL_data!F:F,SQL_data!C:C,Summary!$A5) | D5: =B5+C5 | E5: =COUNTIFS(SQL_data!C:C,Summary!$A5) | F5: =B5/E5 | H5: East | I5: =SUMIFS(SQL_data!E:E,SQL_data!D:D,Summary!$H5) | J5: =SUMIFS(SQL_data!F:F,SQL_data!D:D,Summary!$H5) | K5: =COUNTIFS(SQL_data!D:D,Summary!$H5)
A6: Marketing | B6: =SUMIFS(SQL_data!E:E,SQL_data!C:C,Summary!$A6) | C6: =SUMIFS(SQL_data!F:F,SQL_data!C:C,Summary!$A6) | D6: =B6+C6 | E6: =COUNTIFS(SQL_data!C:C,Summary!$A6) | F6: =B6/E6 | H6: West | I6: =SUMIFS(SQL_data!E:E,SQL_data!D:D,Summary!$H6) | J6: =SUMIFS(SQL_data!F:F,SQL_data!D:D,Summary!$H6) | K6: =COUNTIFS(SQL_data!D:D,Summary!$H6)
A7: Total | B7: =SUM(B3:B6) | C7: =SUM(C3:C6) | D7: =SUM(D3:D6) | E7: =SUM(E3:E6) | F7: =B7/E7 | H7: Total | I7: =SUM(I3:I6) | J7: =SUM(J3:J6) | K7: =SUM(K3:K6)
A8: Check | B8: =SUM(SQL_data!E:E)-B7 | C8: =SUM(SQL_data!F:F)-C7 | D8: - | E8: - | F8: - | H8: Check | I8: =SUM(SQL_data!E:E)-I7 | J8: =SUM(SQL_data!F:F)-J7 | K8: =SUM(SQL_data!K:K)-K7

Sheet FinalReport
A1: Executive Compensation Report
A2: Department | B2: Total Compensation | C2: % of Grand Total | D2: Compensation per Head | E2: Rating
A3: Engineering | B3: =Summary!D3 | C3: =Summary!D3/Summary!$D$7 | D3: =Summary!D3/Summary!E3 | E3: =IF(C3>0.3,"High",IF(C3>0.2,"Medium","Low"))
A4: Finance | B4: =Summary!D4 | C4: =Summary!D4/Summary!$D$7 | D4: =Summary!D4/Summary!E4 | E4: =IF(C4>0.3,"High",IF(C4>0.2,"Medium","Low"))
A5: HR | B5: =Summary!D5 | C5: =Summary!D5/Summary!$D$7 | D5: =Summary!D5/Summary!E5 | E5: =IF(C5>0.3,"High",IF(C5>0.2,"Medium","Low"))
A6: Marketing | B6: =Summary!D6 | C6: =Summary!D6/Summary!$D$7 | D6: =Summary!D6/Summary!E6 | E6: =IF(C6>0.3,"High",IF(C6>0.2,"Medium","Low"))
A7: Total | B7: =SUM(B3:B6) | C7: =SUM(C3:C6) | D7: =B7/SUM(Summary!E3:E6) | E7: -
A8: Check | B8: =Summary!D7-B7 | C8: =1-C7 | D8: - | E8: -
