Workbook

Sheet Summary
A1: Worksite A UL Summary
A2: 12/31/2025
A4: STAT Reserve
A5: Plan | B5: Product | C5: People Soft Code | D5: Gross Reserve | E5: 3rd Party YRT | F5: Net Reserve
A6: LNL 211WULC12 | B6: Ord UL Grp Worksite | C6: 255710 | D6: =SUMIFS('Warehouse Data'!L:L,'Warehouse Data'!$C:$C,Summary!$A$2,'Warehouse Data'!$B:$B,Summary!$A6)-SUMIFS('Warehouse Data'!M:M,'Warehouse Data'!$C:$C,Summary!$A$2,'Warehouse Data'!$B:$B,Summary!$A6) -> 155471471 | E6: =SUMIFS('Warehouse Data'!N:N,'Warehouse Data'!$C:$C,Summary!$A$2,'Warehouse Data'!$B:$B,Summary!$A6)+SUMIFS('Warehouse Data'!O:O,'Warehouse Data'!$C:$C,Summary!$A$2,'Warehouse Data'!$B:$B,Summary!$A6) -> 77734208 | F6: =-1*SUMIFS('Warehouse Data'!P:P,'Warehouse Data'!$C:$C,Summary!$A$2,'Warehouse Data'!$B:$B,Summary!$A6) -> 77734901
D7: =SUM(D6) -> 155471471 | E7: =SUM(E6) -> 77734208 | F7: =SUM(F6) -> 77734901
A9: Tax Reserve
A10: Plan | B10: Product | C10: People Soft Code | D10: Gross Reserve | E10: 3rd Party YRT | F10: Net Reserve
A11: LNL 211WULC12 | B11: Ord UL Grp Worksite | C11: 255710 | F11: =-1*SUMIFS('Warehouse Data'!Q:Q,'Warehouse Data'!$C:$C,Summary!$A$2,'Warehouse Data'!$B:$B,Summary!$A11) -> 48584137
F12: =SUM(F11) -> 48584137
A14: GAAP Reserve
A15: Plan | B15: Product | C15: People Soft Code | D15: Gross Reserve | E15: 3rd Party YRT | F15: Net Reserve
A16: LNL 211WULC12 | B16: Ord UL Grp Worksite | C16: 255710 | D16: =SUMIFS('Warehouse Data'!R:R,'Warehouse Data'!$C:$C,Summary!$A$2,'Warehouse Data'!$B:$B,Summary!$A16) -> 193740431 | E16: =SUMIFS('Warehouse Data'!S:S,'Warehouse Data'!$C:$C,Summary!$A$2,'Warehouse Data'!$B:$B,Summary!$A16)+SUMIFS('Warehouse Data'!T:T,'Warehouse Data'!$C:$C,Summary!$A$2,'Warehouse Data'!$B:$B,Summary!$A16) -> 77494916 | F16: =SUM(D16:E16) -> 271235347
F17: =SUM(F16) -> 271235347
A19: Face Amount
A20: Plan | B20: Product | C20: People Soft Code | D20: Gross Face | E20: 3rd Party YRT | F20: Net Face
A21: LNL 211WULC12 | B21: Ord UL Grp Worksite | C21: 255710 | D21: =SUMIFS('Warehouse Data'!F:F,'Warehouse Data'!$C:$C,Summary!$A$2,'Warehouse Data'!$B:$B,Summary!$A21) -> 383301094 | E21: =-1*SUMIFS('Warehouse Data'!G:G,'Warehouse Data'!$C:$C,Summary!$A$2,'Warehouse Data'!$B:$B,Summary!$A21) -> 152927776 | F21: =D21+E21 -> 536228870
D22: =SUM(D21) -> 383301094 | E22: =SUM(E21) -> 152927776 | F22: =SUM(F21) -> 536228870
A24: Cash Value
A25: Plan | B25: Product | C25: People Soft Code | D25: Cash Value
A26: LNL 211WULC12 | B26: Ord UL Grp Worksite | C26: 255710 | D26: =SUMIFS('Warehouse Data'!H:H,'Warehouse Data'!$C:$C,Summary!$A$2,'Warehouse Data'!$B:$B,Summary!$A26) -> 116469605
D27: =SUM(D26) -> 116469605
A29: Count
A30: Plan | B30: Product | C30: People Soft Code | D30: Count
A31: LNL 211WULC12 | B31: Ord UL Grp Worksite | C31: 255710 | D31: =COUNTIFS('Warehouse Data'!$C:$C,Summary!$A$2,'Warehouse Data'!$B:$B,Summary!$A31) -> 1400
D32: =SUM(D31) -> 1400
A35: Exhibit 5
C36: STAT Reserve | D36: GAAP Reserve
A37: Section Desc | B37: Section | C37: Net Reserve | D37: Net Reserve
A38: Base | B38: A | C38: =F7-SUM(C39:C44) -> 29153582 | D38: =F17-SUM(D39:D44) -> 251863331
A39: ADB | B39: D | C39: =SUMIFS('Warehouse Data'!U:U,'Warehouse Data'!$C:$C,Summary!$A$2) -> 9716271 | D39: =SUMIFS('Warehouse Data'!Z:Z,'Warehouse Data'!$C:$C,Summary!$A$2) -> 9686375
A40: Active - Disabled (WP) | B40: E | C40: =SUMIFS('Warehouse Data'!V:V,'Warehouse Data'!$C:$C,Summary!$A$2) -> 5829459 | D40: =SUMIFS('Warehouse Data'!AA:AA,'Warehouse Data'!$C:$C,Summary!$A$2) -> 5811517
A41: Disabled - Disabled | B41: F | C41: =SUMIFS('Warehouse Data'!W:W,'Warehouse Data'!$C:$C,Summary!$A$2) -> 3886079 | D41: =SUMIFS('Warehouse Data'!AB:AB,'Warehouse Data'!$C:$C,Summary!$A$2) -> 3874124
A42: Excess CSV | B42: G | C42: =SUMIFS('Warehouse Data'!X:X,'Warehouse Data'!$C:$C,Summary!$A$2) -> 19433239 | D42: 0
A43: Deficiency Reserve | B43: G | C43: =SUMIFS('Warehouse Data'!Y:Y,'Warehouse Data'!$C:$C,Summary!$A$2) -> 9716271 | D43: 0
A44: Remainder | B44: G | C44: 0 | D44: 0
A45: Total | B45: Total | C45: =SUM(C38:C44) -> 77734901 | D45: =SUM(D38:D44) -> 271235347

Sheet Sheet1
B3: Logical step | C3: AI/Non-AI | D3: Non-AP Approach | E3: AI Approach
A4: 1 | B4: detect all data tabs | C4: ??
A5: 2 | B5: loop across data tabs - and find any derived columns | C5: Non-AI | D5: Python library name - it will extract this info from VBA
A6: 3 | B6: loop across derived column and create those columns | C6: Non-ai | D6: Python libraries

Sheet Warehouse Data
A1: Policy Number | B1: Triton Plancode | C1: Accounting Date | D1: Plancode Description | E1: Ledger Product | F1: Face Amount - Base | G1: Face Amount - Ceded | H1: Cash Value - General Account | I1: Current Death Benefit - Base | J1: Death Benefit - Riders | K1: Captive Death Benefit | L1: Statutory Reserves - Total | M1: Statutory Reserves - Rider Subtotal | N1: Reinsurance Statutory - Reserve - Total | O1: Recapture Statutory - Reserve - Total | P1: Captive Statutory - Reserve - Total | Q1: Captive Tax - Reserve - Total 2018 | R1: GAAP Reserve - Total | S1: Reinsurance GAAP - Reserve - Total | T1: Recapture GAAP - Reserve - Total | U1: Statutory - Reserve - ADB | V1: Statutory - Reserve - WPA | W1: Statutory - Reserve - WPD | X1: Statutory Reserves - Excess Cash Value | Y1: Statutory Reserves – Total Deficiency | Z1: GAAP - Reserve - ADB | AA1: GAAP - Reserve - WPA | AB1: GAAP - Reserve - WPD
A2: P100000 | B2: LNL 211WULC12 | C2: 12/31/2025 | D2: Ord UL Grp Worksite | E2: 255710 | F2: 393447 | G2: -193747 | H2: 112811 | I2: 393447 | J2: 39344 | K2: 19672 | L2: 310943 | M2: 62188 | N2: 93282 | O2: 31094 | P2: -124377 | Q2: -77735 | R2: 352430 | S2: 105729 | T2: 35243 | U2: 15547 | V2: 9328 | W2: 6218 | X2: 31094 | Y2: 15547 | Z2: 17621 | AA2: 10572 | AB2: 7048
A3: P100001 | B3: LNL 211WULC12 | C3: 12/31/2025 | D3: Ord UL Grp Worksite | E3: 255710 | F3: 496881 | G3: -137992 | H3: 242311 | I3: 496881 | J3: 49688 | K3: 24844 | L3: 293697 | M3: 58739 | N3: 88109 | O3: 29369 | P3: -117478 | Q3: -73424 | R3: 340255 | S3: 102076 | T3: 34025 | U3: 14684 | V3: 8810 | W3: 5873 | X3: 29369 | Y3: 14684 | Z3: 17012 | AA3: 10207 | AB3: 6805
A4: P100002 | B4: LNL 211WULC12 | C4: 12/31/2025 | D4: Ord UL Grp Worksite | E4: 255710 | F4: 147596 | G4: -39531 | H4: 34052 | I4: 147596 | J4: 14759 | K4: 7379 | L4: 41098 | M4: 8219 | N4: 12329 | O4: 4109 | P4: -16439 | Q4: -10274 | R4: 35545 | S4: 10663 | T4: 3554 | U4: 2054 | V4: 1232 | W4: 821 | X4: 4109 | Y4: 2054 | Z4: 1777 | AA4: 1066 | AB4: 710
A5: P100003 | B5: LNL 211WULC12 | C5: 12/31/2025 | D5: Ord UL Grp Worksite | E5: 255710 | F5: 488180 | G5: -282330 | H5: 228242 | I5: 488180 | J5: 48818 | K5: 24409 | L5: 128104 | M5: 25620 | N5: 38431 | O5: 12810 | P5: -51241 | Q5: -32026 | R5: 151783 | S5: 45534 | T5: 15178 | U5: 6405 | V5: 3843 | W5: 2562 | X5: 12810 | Y5: 6405 | Z5: 7589 | AA5: 4553 | AB5: 3035
A6: P100004 | B6: LNL 211WULC12 | C6: 12/31/2025 | D6: Ord UL Grp Worksite | E6: 255710 | F6: 255978 | G6: -71707 | H6: 89010 | I6: 255978 | J6: 25597 | K6: 12798 | L6: 179761 | M6: 35952 | N6: 53928 | O6: 17976 | P6: -71904 | Q6: -44940 | R6: 204161 | S6: 61248 | T6: 20416 | U6: 8988 | V6: 5392 | W6: 3595 | X6: 17976 | Y6: 8988 | Z6: 10208 | AA6: 6124 | AB6: 4083
A7: P100005 | B7: LNL 211WULC12 | C7: 12/31/2025 | D7: Ord UL Grp Worksite | E7: 255710 | F7: 206501 | G7: -123793 | H7: 80494 | I7: 206501 | J7: 20650 | K7: 10325 | L7: 85813 | M7: 17162 | N7: 25743 | O7: 8581 | P7: -34325 | Q7: -21453 | R7: 91309 | S7: 27392 | T7: 9130 | U7: 4290 | V7: 2574 | W7: 1716 | X7: 8581 | Y7: 4290 | Z7: 4565 | AA7: 2739 | AB7: 1826
A8: P100006 | B8: LNL 211WULC12 | C8: 12/31/2025 | D8: Ord UL Grp Worksite | E8: 255710 | F8: 271271 | G8: -128505 | H8: 74241 | I8: 271271 | J8: 27127 | K8: 13563 | L8: 68352 | M8: 13670 | N8: 20505 | O8: 6835 | P8: -27340 | Q8: -17088 | R8: 74348 | S8: 22304 | T8: 7434 | U8: 3417 | V8: 2050 | W8: 1367 | X8: 6835 | Y8: 3417 | Z8: 3717 | AA8: 2230 | AB8: 1486
A9: P100007 | B9: LNL 211WULC12 | C9: 12/31/2025 | D9: Ord UL Grp Worksite | E9: 255710 | F9: 132277 | G9: -45597 | H9: 55659 | I9: 132277 | J9: 13227 | K9: 6613 | L9: 90457 | M9: 18091 | N9: 27137 | O9: 9045 | P9: -36182 | Q9: -22614 | R9: 95441 | S9: 28632 | T9: 9544 | U9: 4522 | V9: 2713 | W9: 1809 | X9: 9045 | Y9: 4522 | Z9: 4772 | AA9: 2863 | AB9: 1908
A10: P100008 | B10: LNL 211WULC12 | C10: 12/31/2025 | D10: Ord UL Grp Worksite | E10: 255710 | F10: 253550 | G10: -130800 | H10: 110413 | I10: 253550 | J10: 25355 | K10: 12677 | L10: 55794 | M10: 11158 | N10: 16738 | O10: 5579 | P10: -22317 | Q10: -13948 | R10: 59140 | S10: 17742 | T10: 5914 | U10: 2789 | V10: 1673 | W10: 1115 | X10: 5579 | Y10: 2789 | Z10: 2957 | AA10: 1774 | AB10: 1182
A11: P100009 | B11: LNL 211WULC12 | C11: 12/31/2025 | D11: Ord UL Grp Worksite | E11: 255710 | F11: 478233 | G11: -189523 | H11: 168522 | I11: 478233 | J11: 47823 | K11: 23911 | L11: 321740 | M11: 64348 | N11: 96522 | O11: 32174 | P11: -128696 | Q11: -80435 | R11: 295492 | S11: 88647 | T11: 29549 | U11: 16087 | V11: 9652 | W11: 6434 | X11: 32174 | Y11: 16087 | Z11: 14774 | AA11: 8864 | AB11: 5909
A12: P100010 | B12: LNL 211WULC12 | C12: 12/31/2025 | D12: Ord UL Grp Worksite | E12: 255710 | F12: 86961 | G12: -35316 | H12: 17405 | I12: 86961 | J12: 8696 | K12: 4348 | L12: 59372 | M12: 11874 | N12: 17811 | O12: 5937 | P12: -23748 | Q12: -14843 | R12: 57667 | S12: 17300 | T12: 5766 | U12: 2968 | V12: 1781 | W12: 1187 | X12: 5937 | Y12: 2968 | Z12: 2883 | AA12: 1730 | AB12: 1153
A13: P100011 | B13: LNL 211WULC12 | C13: 12/31/2025 | D13: Ord UL Grp Worksite | E13: 255710 | F13: 239476 | G13: -65990 | H13: 118764 | I13: 239476 | J13: 23947 | K13: 11973 | L13: 162979 | M13: 32595 | N13: 48893 | O13: 16297 | P13: -65191 | Q13: -40744 | R13: 193032 | S13: 57909 | T13: 19303 | U13: 8148 | V13: 4889 | W13: 3259 | X13: 16297 | Y13: 8148 | Z13: 9651 | AA13: 5790 | AB13: 3860
... A1401: P101399 | B1401: LNL 211WULC12 | C1401: 12/31/2025 | D1401: Ord UL Grp Worksite | E1401: 255710 | F1401: 318671 | G1401: -143014 | H1401: 119142 | I1401: 318671 | J1401: 31867 | K1401: 15933 | L1401: 194435 | M1401: 38887 | N1401: 58330 | O1401: 19443 | P1401: -77774 | Q1401: -48608 | R1401: 173348 | S1401: 52004 | T1401: 17334 | U1401: 9721 | V1401: 5833 | W1401: 3888 | X1401: 19443 | Y1401: 9721 | Z1401: 8667 | AA1401: 5200 | AB1401: 3466
